timestamp,uuid,message
2025-02-02T11:00:45.158832,fed2dfa7-945a-4c23-acd0-9c19306a56ef,cheese
2025-02-03T01:00:45.158832,4e73c61c-be5f-4992-b052-0e9222790d71,bread service ham table
2025-02-05T16:00:45.158832,750b22e1-79d4-43a6-a9b9-8da2e491c96a,table cheese
2025-02-02T00:00:45.158832,3e798f2a-9e19-48f0-8fae-4bda678d4df2,Updated message with food and service words: ham table
2025-02-08T11:00:45.158832,cd355106-577e-4ead-bc4e-af3849a4d447,waiter table bread ham service food
2025-02-05T18:00:45.158832,3731c2e8-779e-41c9-a2bf-f4c03535e249,table waiter cheese service
2025-01-31T04:00:45.158832,4f6d2ff1-29af-4bbd-8f2e-0228cb00111f,table sandwich food omelette service
2025-02-02T01:00:45.158832,bbaeca79-480d-41b4-9dff-0d0fc5b5acc2,food
2025-02-04T05:00:45.158832,be56c8fe-cfae-487e-af86-9d5f4c706f9e,bread food omelette
2025-02-08T03:00:45.158832,98f3f0c3-237f-4509-b915-634b6bf9f91e,cheese
2025-02-07T08:00:45.158832,c8555bed-922a-4743-afe7-420407299f7d,Updated message with food and service words: cheese table
2025-02-10T04:00:45.158832,0f1e7143-2160-4df9-b0e4-567eb33b3567,bread food meat service waiter
2025-02-05T10:00:45.158832,8064dbf0-f3f8-4e49-96f1-c8b803faef82,omelette bread meal
2025-02-06T06:00:45.158832,9536fd00-1ea4-42bd-88e3-fab6263bdd9a,meat table service waiter omelette
2025-02-09T17:00:45.158832,868fa2f2-52d8-41c8-bcd5-3ccb81433e39,table
2025-01-31T13:00:45.158832,c7362c57-7f75-4d27-a112-108fb05c301c,meal table ham
2025-02-07T23:00:45.158832,3787ba57-73d1-433a-a5b7-71f3a384a657,Updated message with food and service words: meat service
2025-02-09T20:00:45.158832,07b630d1-4b10-495d-94e8-ec27c57ff775,table
2025-02-07T00:00:45.158832,dc542240-6ec3-43c6-9dd6-48d69a7e1cbd,bread service meat waiter
2025-02-04T17:00:45.158832,81622a62-1db3-4b27-99de-ef9ecbeee9a8,waiter food service table
2025-02-08T10:02:50.657101,530fcd3e-ef5e-4cd2-ba5c-be5ce1b2b65d,ham waiter food meal
2025-01-31T03:02:50.657125,e70450ad-0c91-4745-84e1-3bf5400ec8cd,food omelette
2025-01-30T20:02:50.657133,835705f6-c964-4420-bc5a-b36a54cc599c,ham
2025-01-31T22:02:50.657140,a805905b-c0ed-4a24-8768-4e63759c2941,sandwich meal
2025-01-29T14:02:50.657157,0810e328-46ba-42ac-affc-ff3a1663e9e3,The sandwich was super nice and cheap for 15$
